"år","kommunenr_2024","observert","predikert"
2024,"0301",17875,18624.897065789
2024,"1101",675,667.522244741623
2024,"1103",5073,4999.10649827731
2024,"1106",1248,1249.62652858206
2024,"1108",2138,2349.6258778822
2024,"1111",172,172.198663131505
2024,"1112",204,143.57847406291
2024,"1114",147,130.473011983448
2024,"1119",642,640.918020214971
2024,"1120",803,759.742590815478
2024,"1121",616,694.423979006395
2024,"1122",425,405.712385573155
2024,"1124",953,894.93943630269
2024,"1127",367,375.181705779542
2024,"1130",416,451.79377777087
2024,"1133",101,114.898082832423
2024,"1134",200,211.676600082023
2024,"1135",192,264.560058927097
2024,"1144",30,29.1040432422226
2024,"1145",36,33.5928846744962
2024,"1146",315,311.731056724233
2024,"1149",1514,1474.33990894403
2024,"1151",8,5.21360235148902
2024,"1160",332,364.389187517894
2024,"1505",1090,1157.03280678132
2024,"1506",1076,1251.79164786215
2024,"1508",2489,2408.52468695142
2024,"1511",144,204.260085286982
2024,"1514",125,117.284426722321
2024,"1515",509,520.689420860623
2024,"1516",451,488.206509225181
2024,"1517",319,274.118778837654
2024,"1520",652,635.555872654086
2024,"1525",212,197.468882595604
2024,"1528",483,509.468231991548
2024,"1531",480,512.949193884884
2024,"1532",263,281.329279773916
2024,"1535",288,369.869295432463
2024,"1539",245,399.915278193138
2024,"1547",201,188.910732049999
2024,"1554",374,337.960260033652
2024,"1557",110,133.918857684516
2024,"1560",142,181.769592264889
2024,"1563",321,415.742116201993
2024,"1566",281,284.842209854534
2024,"1573",128,185.276986249335
2024,"1576",358,297.881055397637
2024,"1577",569,553.48980632392
2024,"1578",125,130.131884940606
2024,"1579",570,669.819696680373
2024,"1580",460,432.294056021998
2024,"1804",1891,1835.34271458053
2024,"1806",1310,1324.76458142751
2024,"1811",89,90.4647329730941
2024,"1812",102,122.465629410563
2024,"1813",582,651.928079762186
2024,"1815",128,126.818427532604
2024,"1816",31,35.9048177088133
2024,"1818",101,110.858975925182
2024,"1820",369,378.43584723652
2024,"1822",158,146.068480640051
2024,"1824",701,767.443086618528
2024,"1825",123,110.911731606967
2024,"1826",83,100.536089015656
2024,"1827",103,84.4189367859044
2024,"1828",85,88.2563449358296
2024,"1832",241,257.698623806485
2024,"1833",1144,1116.29845184761
2024,"1834",179,170.893601111542
2024,"1835",16,19.2027010787395
2024,"1836",98,80.1354680523795
2024,"1837",481,493.007423037507
2024,"1838",182,151.185827493297
2024,"1839",86,95.8890301272733
2024,"1840",286,319.757569898771
2024,"1841",429,436.82130239269
2024,"1845",95,81.9462440898768
2024,"1848",183,176.003094258715
2024,"1851",126,119.006122795273
2024,"1853",84,81.4476711185796
2024,"1856",37,36.4754343147546
2024,"1857",44,34.1529621228207
2024,"1859",54,60.6977351974064
2024,"1860",666,561.188975727954
2024,"1865",432,454.696532448357
2024,"1866",476,441.381990157494
2024,"1867",161,178.181237851387
2024,"1868",281,309.41618857404
2024,"1870",485,504.913496623263
2024,"1871",378,369.474474471769
2024,"1874",47,66.1024863733334
2024,"1875",220,260.098715321319
2024,"3101",1116,1159.15735392994
2024,"3103",2782,2777.50425546777
2024,"3105",2524,2544.57612835455
2024,"3107",2982,2970.99802848327
2024,"3110",254,226.093941039902
2024,"3112",358,372.612164349901
2024,"3114",365,321.305897646851
2024,"3116",225,198.639270574257
2024,"3118",1926,2258.24381918024
2024,"3120",667,639.14384689584
2024,"3122",152,229.072832814099
2024,"3124",82,68.6954653854014
2024,"3201",4545,4524.6472956219
2024,"3203",3330,3384.50089196907
2024,"3205",2621,2836.01823139611
2024,"3207",2495,2077.59215485679
2024,"3209",954,1025.37503070901
2024,"3212",1129,886.727915516842
2024,"3214",603,587.354889922226
2024,"3216",725,825.042237301417
2024,"3218",847,713.569531987402
2024,"3220",436,410.093488380889
2024,"3222",1246,1312.85832600937
2024,"3224",543,676.801325909915
2024,"3226",715,680.253411653264
2024,"3228",982,1029.62102597798
2024,"3230",160,305.263233280923
2024,"3232",812,787.566698154996
2024,"3234",237,312.062346475361
2024,"3236",237,241.584224781778
2024,"3238",541,634.134682180113
2024,"3240",1068,1036.92744279403
2024,"3242",129,138.487465338525
2024,"3301",3961,4145.58582565729
2024,"3303",1009,947.448098014877
2024,"3305",1557,1503.27651332602
2024,"3310",264,271.037894285619
2024,"3312",852,880.892294019279
2024,"3314",687,676.404313872289
2024,"3316",725,732.509114462615
2024,"3318",133,126.218822738636
2024,"3320",67,71.0437510159497
2024,"3322",176,201.488498462976
2024,"3324",255,246.890949926207
2024,"3326",77,84.3911923661042
2024,"3328",166,211.30328003773
2024,"3330",245,229.800188841177
2024,"3332",187,233.662074611193
2024,"3334",96,152.932351243208
2024,"3336",123,130.546325834994
2024,"3338",161,166.560332189426
2024,"3401",1032,1054.72272604825
2024,"3403",1487,1516.12583548009
2024,"3405",1378,1447.61659686607
2024,"3407",2001,2113.65694554488
2024,"3411",1793,1820.44152076165
2024,"3412",396,429.306583613875
2024,"3413",1672,1411.9404674557
2024,"3414",297,315.2701417182
2024,"3415",696,640.204914337432
2024,"3416",604,608.340736363025
2024,"3417",402,371.645791617381
2024,"3418",699,564.539176293392
2024,"3419",300,288.69323512769
2024,"3420",902,861.134491241813
2024,"3421",330,299.40283843478
2024,"3422",215,216.841588981786
2024,"3423",221,234.209497283756
2024,"3424",104,118.37380833013
2024,"3425",62,61.1165269924364
2024,"3426",82,99.5807638624748
2024,"3427",277,293.143458857438
2024,"3428",148,132.276346571581
2024,"3429",153,123.504342786322
2024,"3430",96,72.9469669020427
2024,"3431",173,191.700767784408
2024,"3432",135,123.677534732577
2024,"3433",169,174.075712655983
2024,"3434",130,138.424558433687
2024,"3435",216,246.790494042813
2024,"3436",312,337.305363158249
2024,"3437",408,449.562454868425
2024,"3438",172,191.024910046094
2024,"3439",341,369.894704180406
2024,"3440",396,350.746643875327
2024,"3441",337,349.080818106304
2024,"3442",623,600.611339784196
2024,"3443",801,739.369570422283
2024,"3446",467,468.534289741638
2024,"3447",448,461.807089308891
2024,"3448",483,502.096958747404
2024,"3449",249,232.122795791276
2024,"3450",79,90.6090979226038
2024,"3451",314,296.498599805768
2024,"3452",114,124.594756960438
2024,"3453",114,134.217234176892
2024,"3454",80,101.914180896591
2024,"3901",891,968.923767273518
2024,"3903",1134,1052.88029304534
2024,"3905",1817,2100.09403508842
2024,"3907",2943,3094.80502391572
2024,"3909",1945,1982.6556708505
2024,"3911",1651,1693.6460678107
2024,"4001",1407,1430.36849321144
2024,"4003",2103,2160.54222014778
2024,"4005",671,731.179837096886
2024,"4010",137,135.058982171119
2024,"4012",657,662.296641318063
2024,"4014",592,605.542673945308
2024,"4016",284,263.782454860999
2024,"4018",507,461.902410361338
2024,"4020",451,493.528179034197
2024,"4022",183,165.222075378019
2024,"4024",98,103.870342741836
2024,"4026",321,316.256052639176
2024,"4028",176,174.453878781781
2024,"4030",83,109.448052614628
2024,"4032",92,90.9063217140794
2024,"4034",144,164.221988673022
2024,"4036",417,308.923668487231
2024,"4201",369,396.479739999186
2024,"4202",1226,1219.79325525595
2024,"4203",1874,1946.20618179405
2024,"4204",4193,4434.29645024911
2024,"4205",1087,1172.04360274839
2024,"4206",660,693.940951710684
2024,"4207",488,476.849626972836
2024,"4211",187,161.683023099129
2024,"4212",123,128.084897209273
2024,"4213",391,406.04710032436
2024,"4214",281,319.983649721867
2024,"4215",529,514.670155350811
2024,"4216",294,298.028246403636
2024,"4217",132,131.879646836366
2024,"4218",56,65.5675897794228
2024,"4219",203,222.961589602625
2024,"4220",67,77.8039846634705
2024,"4221",66,61.8174889943064
2024,"4222",43,36.64941004836
2024,"4223",693,810.50565181838
2024,"4224",60,54.5757016354904
2024,"4225",472,467.238551144925
2024,"4226",77,99.9858772691664
2024,"4227",289,305.291326166062
2024,"4228",96,99.2471517059803
2024,"4601",9031,8970.26948336242
2024,"4602",852,986.218906584721
2024,"4611",184,189.833995594526
2024,"4612",248,240.549693324116
2024,"4613",416,520.120507305824
2024,"4614",738,750.916966028112
2024,"4615",167,149.43313835124
2024,"4616",155,190.543331814065
2024,"4617",585,621.989801235747
2024,"4618",817,657.994748810201
2024,"4619",39,40.9705448237954
2024,"4620",71,73.2241819556346
2024,"4621",684,761.50510758346
2024,"4622",517,510.935140227281
2024,"4623",111,114.715296117139
2024,"4624",1020,1164.14114828905
2024,"4625",357,274.784001203503
2024,"4626",1380,1412.94111704429
2024,"4627",800,865.209122216634
2024,"4628",169,191.189836352534
2024,"4629",17,21.8383095255226
2024,"4630",243,279.836074762757
2024,"4631",1141,1185.62184349107
2024,"4632",99,98.9991122244571
2024,"4633",22,17.1660363592948
2024,"4634",91,109.346065738955
2024,"4635",148,142.449108681321
2024,"4636",36,36.5678764767559
2024,"4637",68,66.7589798984519
2024,"4638",251,231.42635336689
2024,"4639",148,148.275971997449
2024,"4640",457,479.491452144015
2024,"4641",81,80.1831117287829
2024,"4642",105,105.570590127533
2024,"4643",300,321.683735726207
2024,"4644",341,332.074374682656
2024,"4645",189,200.903194333645
2024,"4646",218,191.222027126898
2024,"4647",1114,1077.89794085751
2024,"4648",204,201.502327808579
2024,"4649",435,449.528878661087
2024,"4650",438,378.448791699065
2024,"4651",390,386.324110410636
2024,"5001",6336,6583.11864600313
2024,"5006",1820,1644.52588782336
2024,"5007",678,732.8249827995
2024,"5014",206,202.864316441908
2024,"5020",54,58.0628230203286
2024,"5021",346,322.575441440398
2024,"5022",132,204.67671535631
2024,"5025",268,334.202622311565
2024,"5026",92,115.298067530393
2024,"5027",315,384.544593720341
2024,"5028",783,792.192626953084
2024,"5029",192,246.585810214806
2024,"5031",619,577.189753089347
2024,"5032",217,238.834641616821
2024,"5033",36,42.0788112766677
2024,"5034",148,136.529134214329
2024,"5035",1217,1249.88302167277
2024,"5036",196,204.366681178889
2024,"5037",1029,1180.96556356567
2024,"5038",704,659.733616231942
2024,"5041",147,147.298384718781
2024,"5042",114,122.193162878887
2024,"5043",24,23.7122454194284
2024,"5044",74,73.982291847763
2024,"5045",149,162.054497092745
2024,"5046",137,132.543398369364
2024,"5047",135,188.123021377981
2024,"5049",86,61.8212231033499
2024,"5052",35,39.9091096972278
2024,"5053",355,363.846512626553
2024,"5054",460,467.989998134256
2024,"5055",319,442.245656796175
2024,"5056",212,232.354863740719
2024,"5057",388,502.93628705629
2024,"5058",172,221.494891068066
2024,"5059",743,742.606584981552
2024,"5060",425,537.694357138789
2024,"5061",98,119.261168578082
2024,"5501",2527,2507.87195180964
2024,"5503",1299,1384.72345684991
2024,"5510",245,242.879227983838
2024,"5512",305,315.108386726541
2024,"5514",128,120.889010532642
2024,"5516",80,76.7305993866286
2024,"5518",60,58.4551532760418
2024,"5520",195,174.049959166832
2024,"5522",104,118.292470741742
2024,"5524",334,378.347045593292
2024,"5526",129,126.830346378497
2024,"5528",68,72.3837178270752
2024,"5530",681,732.330714699668
2024,"5532",330,310.601808515421
2024,"5534",169,166.50712074638
2024,"5536",190,185.107746430172
2024,"5538",124,146.717224035833
2024,"5540",182,195.341266630737
2024,"5542",210,206.491090467795
2024,"5544",274,247.766178270852
2024,"5546",88,102.493816719114
2024,"5601",979,1037.98465382801
2024,"5603",506,564.056215674475
2024,"5605",431,511.326245180377
2024,"5607",353,481.197041391868
2024,"5610",142,165.087127483084
2024,"5612",200,195.672941206748
2024,"5614",49,47.3101082149176
2024,"5616",35,39.0652167522254
2024,"5618",98,111.43934384047
2024,"5620",109,115.477329702793
2024,"5622",299,265.15424171866
2024,"5624",133,120.81521472245
2024,"5626",52,56.8646924395256
2024,"5628",158,160.820091851074
2024,"5630",42,50.4448386146091
2024,"5632",103,125.685852262882
2024,"5634",89,95.7077938480963
2024,"5636",52,52.3632489721796
2012,"0301",17127,16444.3510594271
2012,"1101",673,691.27769629223
2012,"1103",3949,3916.51776562716
2012,"1106",1081,1037.60901348726
2012,"1108",2095,1957.80620518283
2012,"1111",171,167.489322971199
2012,"1112",107,136.533771509253
2012,"1114",113,117.016446443985
2012,"1119",500,541.316714464156
2012,"1120",499,492.299448296174
2012,"1121",454,471.803582777935
2012,"1122",261,289.558230392981
2012,"1124",526,495.314343093328
2012,"1127",299,288.903750746831
2012,"1130",420,435.751586869658
2012,"1133",71,111.309630270923
2012,"1134",227,209.656087169454
2012,"1135",311,281.931129312991
2012,"1145",39,37.0344423713839
2012,"1146",282,337.008352266361
2012,"1149",1323,1305.34508714416
2012,"1160",373,318.838771919318
2012,"1505",966,956.551138552201
2012,"1506",1096,1099.68983253221
2012,"1508",1991,1946.6875824386
2012,"1511",186,177.49580545995
2012,"1514",146,116.870593464731
2012,"1515",360,336.114793264734
2012,"1516",326,298.787173873433
2012,"1517",214,241.484697903805
2012,"1520",451,451.847038565522
2012,"1525",206,206.267842704712
2012,"1528",294,329.873792618204
2012,"1531",376,387.930477873084
2012,"1532",272,243.442021535192
2012,"1535",304,316.933145462248
2012,"1539",511,383.813363088997
2012,"1547",131,148.471774150034
2012,"1554",281,291.299571080413
2012,"1557",128,121.027417587882
2012,"1560",211,204.775329745398
2012,"1563",373,376.58247694726
2012,"1566",246,246.884001367513
2012,"1573",152,144.196708733641
2012,"1576",233,237.016001333169
2012,"1577",466,463.676901770008
2012,"1578",136,138.430754505853
2012,"1579",568,546.104845954234
2012,"1580",428,412.624735047265
2012,"1804",1931,1686.14857949219
2012,"1811",87,95.8782072164343
2012,"1812",169,116.119756568465
2012,"1813",430,433.606928671019
2012,"1815",66,54.8423686798113
2012,"1816",21,24.7489230164665
2012,"1818",83,100.258546821582
2012,"1820",313,296.600624546326
2012,"1822",144,117.956162608138
2012,"1824",621,618.899061177308
2012,"1825",85,93.3404091183593
2012,"1826",74,76.6454985967536
2012,"1827",66,85.9702446536999
2012,"1828",101,89.3514450301773
2012,"1832",256,253.507756990828
2012,"1833",1091,1048.48820555477
2012,"1834",94,98.6068838862062
2012,"1835",22,22.7045804219579
2012,"1836",63,72.272310515108
2012,"1837",537,410.886229449697
2012,"1838",152,156.687614789739
2012,"1839",67,79.0453219344698
2012,"1840",264,277.386229625341
2012,"1841",437,431.768765922283
2012,"1845",96,88.370599519644
2012,"1848",188,170.517036507393
2012,"1851",119,108.28988563796
2012,"1853",90,91.8272995821219
2012,"1856",48,39.7595523930607
2012,"1857",24,27.496537846834
2012,"1859",68,63.8734851096553
2012,"1860",424,505.321525191518
2012,"1865",388,390.68522253083
2012,"1866",402,372.090080520285
2012,"1867",192,189.103415269977
2012,"1868",256,256.992984507657
2012,"1870",813,806.343404218317
2012,"1871",255,283.28843575459
2012,"1874",60,58.8920242333457
2012,"3101",1353,1255.72968253015
2012,"3103",2036,2014.65992802157
2012,"3105",2220,2178.3131100568
2012,"3107",2953,2978.74571210801
2012,"3110",202,200.394158032282
2012,"3112",246,258.179143167003
2012,"3114",216,212.474133651458
2012,"3116",110,158.877125764311
2012,"3118",1656,1811.60634970224
2012,"3120",486,465.416276184504
2012,"3122",168,170.816868110679
2012,"3124",61,67.1234106172253
2012,"3201",3652,3719.29524030977
2012,"3203",2476,2470.82603464465
2012,"3205",2321,2317.01788115009
2012,"3207",1536,1544.76698290284
2012,"3209",643,708.536286022832
2012,"3212",475,438.509164355617
2012,"3214",511,508.37386655994
2012,"3216",471,450.176321677944
2012,"3218",538,489.357189588008
2012,"3220",306,301.266646698771
2012,"3222",960,902.388862331239
2012,"3224",413,447.378154420157
2012,"3226",601,600.567334132815
2012,"3228",815,766.337524948498
2012,"3230",142,201.262545935341
2012,"3232",554,579.582051327098
2012,"3234",251,295.070189042806
2012,"3236",266,269.172769296752
2012,"3238",516,435.572285712546
2012,"3240",779,764.777794308342
2012,"3242",131,119.07857572867
2012,"3301",3918,3877.21511076227
2012,"3303",1065,1035.72096265195
2012,"3305",1313,1290.77047265459
2012,"3310",299,274.558614270751
2012,"3312",848,811.596331227246
2012,"3314",710,648.25531928795
2012,"3316",581,567.213254007685
2012,"3318",113,120.154128147076
2012,"3320",44,68.0257738748849
2012,"3322",198,210.802921624034
2012,"3324",379,195.536502408075
2012,"3326",52,76.4349919748504
2012,"3328",188,217.718279226468
2012,"3330",232,230.82989131759
2012,"3332",227,224.213913643317
2012,"3334",161,170.861672453951
2012,"3336",103,112.039426973692
2012,"3338",183,173.29183218694
2012,"3401",827,765.35758712135
2012,"3403",1545,1464.96504140041
2012,"3405",1001,1049.16954281843
2012,"3407",1450,1521.04301461297
2012,"3411",1286,1280.31874833682
2012,"3412",418,405.12223601426
2012,"3413",927,825.351044665436
2012,"3414",298,292.750519955021
2012,"3415",415,289.311246213476
2012,"3416",471,474.364251995467
2012,"3417",309,297.140185356326
2012,"3418",512,618.266355865082
2012,"3419",257,253.714650280767
2012,"3420",701,752.739445443761
2012,"3421",291,309.669509177147
2012,"3422",205,216.602382758342
2012,"3423",277,241.680631639559
2012,"3424",122,122.205646770232
2012,"3425",56,58.1430433940077
2012,"3426",73,73.7564573491526
2012,"3427",237,267.266974867209
2012,"3428",98,116.467432306368
2012,"3429",62,74.7349732634198
2012,"3430",96,89.9508342481051
2012,"3431",129,135.186773010114
2012,"3432",85,104.059542163359
2012,"3433",125,124.011720099141
2012,"3434",118,133.081843870506
2012,"3435",256,241.565928706572
2012,"3436",252,280.68207048697
2012,"3437",286,350.825160030112
2012,"3438",194,189.118441147695
2012,"3439",314,301.509766618887
2012,"3440",180,204.873659735943
2012,"3441",328,312.115149153763
2012,"3442",727,703.316303360946
2012,"3443",599,605.49555488858
2012,"3446",449,483.656753095316
2012,"3447",430,410.831468646648
2012,"3448",530,519.584461548369
2012,"3449",252,236.551769263537
2012,"3450",111,97.5448147325853
2012,"3451",233,289.486506851527
2012,"3452",83,98.6918664221826
2012,"3453",173,137.402599543043
2012,"3454",95,101.124759350899
2012,"3901",909,978.12638545734
2012,"3903",856,882.37832054202
2012,"3905",2246,2257.70528046033
2012,"3907",2604,2697.9197977893
2012,"3909",1798,1906.52911468748
2012,"3911",1046,1039.62550844524
2012,"4001",1519,1442.79444884347
2012,"4003",2116,1910.08967848552
2012,"4005",832,761.837142359813
2012,"4010",86,87.0675059265368
2012,"4012",559,541.866969196621
2012,"4014",531,545.552097304993
2012,"4016",251,228.259209384226
2012,"4018",409,446.549265690883
2012,"4020",462,426.581247817823
2012,"4022",139,163.884679629198
2012,"4024",106,102.446827226117
2012,"4026",340,359.595812561327
2012,"4028",126,136.924282652888
2012,"4030",66,72.1660760267444
2012,"4032",68,86.3635825357533
2012,"4034",163,169.709788552243
2012,"4036",277,220.885955140396
2012,"4201",359,368.623897350479
2012,"4202",849,804.057448131364
2012,"4203",1843,1756.14894159632
2012,"4204",3733,4026.46477572951
2012,"4205",1012,932.850842850649
2012,"4206",438,452.703298066021
2012,"4207",424,470.240065461604
2012,"4211",139,163.466947778589
2012,"4212",117,115.393160799036
2012,"4213",370,374.942854431677
2012,"4214",208,232.345334970858
2012,"4215",477,437.236885980763
2012,"4216",190,210.127758672837
2012,"4217",122,160.510976384088
2012,"4218",44,62.6379729314328
2012,"4219",183,178.433402264278
2012,"4220",90,79.8259276348219
2012,"4221",56,67.0028238033855
2012,"4222",31,27.2413666092749
2012,"4223",641,710.373505189867
2012,"4224",52,52.5848255095928
2012,"4225",377,363.60692363796
2012,"4226",71,81.0759272700391
2012,"4227",305,295.205740637697
2012,"4228",79,88.3477780863688
2012,"4601",8095,8107.07248328447
2012,"4602",713,742.233309544235
2012,"4611",144,162.687763405459
2012,"4612",158,174.730690711094
2012,"4613",448,449.134376601441
2012,"4614",585,605.485861382879
2012,"4615",107,126.513549372858
2012,"4616",173,183.990114520033
2012,"4617",548,578.62880821869
2012,"4618",591,651.166828911808
2012,"4619",44,38.9225732439141
2012,"4620",57,64.5476444367102
2012,"4621",706,715.04890760027
2012,"4622",450,462.509775542987
2012,"4623",82,101.601160409982
2012,"4624",751,865.74306032736
2012,"4625",183,225.212055205532
2012,"4626",1034,1062.32044910233
2012,"4627",728,766.63370195887
2012,"4628",236,236.024090124173
2012,"4629",9,12.4140075102805
2012,"4630",235,277.130473184146
2012,"4631",996,1013.92923963497
2012,"4632",49,65.1361270579736
2012,"4633",22,18.8451068541964
2012,"4634",82,87.2668382192442
2012,"4635",104,101.631109422081
2012,"4636",23,30.9307335050377
2012,"4637",53,71.8875593617662
2012,"4638",291,265.6494622631
2012,"4639",161,160.034046222687
2012,"4640",445,431.372811537893
2012,"4641",92,75.1598459763385
2012,"4642",107,103.776587686492
2012,"4643",342,307.314192726106
2012,"4644",293,313.925511326309
2012,"4645",213,200.428471513672
2012,"4646",166,177.274385760699
2012,"4647",815,735.215041182581
2012,"4648",234,225.404491852044
2012,"4649",331,343.215363210426
2012,"4650",338,357.397259083051
2012,"4651",319,338.505296461618
2012,"5001",5052,4747.62121301414
2012,"5006",1223,1148.38050965236
2012,"5007",914,860.09648247411
2012,"5014",165,179.351323420878
2012,"5020",66,65.3405047062575
2012,"5021",265,311.744487415891
2012,"5022",238,217.20937958692
2012,"5025",207,247.521210341513
2012,"5026",110,96.2824061826721
2012,"5027",371,371.293035174705
2012,"5028",617,546.814108519544
2012,"5029",205,203.509356332143
2012,"5031",390,376.078653890387
2012,"5032",243,222.66657142577
2012,"5033",51,42.8118851082303
2012,"5034",145,138.069605224464
2012,"5035",793,828.172102901531
2012,"5036",90,96.2858089219567
2012,"5037",767,783.339882139225
2012,"5038",525,635.960292728057
2012,"5041",160,157.417789044802
2012,"5042",125,106.640066634749
2012,"5043",25,25.4539645111497
2012,"5044",72,64.4583833642121
2012,"5045",168,168.099468761058
2012,"5046",100,84.3483717053694
2012,"5047",172,168.814407497717
2012,"5049",57,60.4794869820237
2012,"5052",36,37.7602257095082
2012,"5053",315,285.970197692284
2012,"5054",539,529.144883649164
2012,"5057",566,529.458392080543
2012,"5058",230,219.346704970964
2012,"5060",534,498.733564145906
2012,"5061",116,119.59509810827
2012,"5501",1946,1839.89623402037
2012,"5503",1108,1083.46017895228
2012,"5510",211,219.463643685639
2012,"5512",241,236.798022908085
2012,"5514",119,118.13330237527
2012,"5516",67,67.1090236162408
2012,"5518",46,54.7684987060676
2012,"5520",168,169.12632772402
2012,"5522",90,93.4442962584454
2012,"5524",325,306.599440359387
2012,"5526",121,118.818513484418
2012,"5528",88,77.3591702885715
2012,"5530",704,653.647240057354
2012,"5532",304,342.316471097198
2012,"5534",172,150.518748301655
2012,"5536",205,196.408035123731
2012,"5538",99,84.5812983519438
2012,"5540",141,130.994775626714
2012,"5542",177,168.640566280013
2012,"5544",244,213.522906523834
2012,"5546",92,87.1404531614524
2012,"5601",612,685.727114462148
2012,"5603",465,435.817679015789
2012,"5605",480,482.951244953243
2012,"5607",278,307.614282566646
2012,"5610",118,135.913486029021
2012,"5612",142,128.878837514973
2012,"5614",72,66.7179569570867
2012,"5616",43,45.7332809477038
2012,"5618",96,90.6719135398383
2012,"5620",140,148.62453540412
2012,"5622",302,234.966958998349
2012,"5624",143,135.162592891077
2012,"5626",56,49.4519300293209
2012,"5628",183,181.06850153803
2012,"5630",59,56.3803757393648
2012,"5632",79,80.2064379969783
2012,"5634",154,133.403068316496
2012,"5636",61,48.9153037755361
